slug,city_label,state_code,tier,dylan_market,region,one_liner,median_price_usd,price_asof,price_src,price_metric,local_ndo,community_org,pride_event,lgbtq_district,senior_lgbtq_asset,hiv_care,walkability,climate,summer_high_f,winter_low_f,hazard_flags,airport,status,last_reviewed,lifestyle_tags,editorial_note,hero_image_url,hero_image_alt,hero_image_credit,same_sex_couples_pct,demographics_src,demographics_asof,cost_of_living_index,coli_src,coli_asof,walkscore,walkscore_src,walkscore_asof,airport_src,airport_asof,climate_src,climate_asof,pride_event_src,pride_event_asof,lgbtq_district_src,lgbtq_district_asof,community_org_src,community_org_asof,local_ndo_src,local_ndo_asof
palm-springs,"Palm Springs & Coachella Valley, CA",CA,1,no,West,"The capital of gay retirement — nowhere else has this density of LGBTQ+ seniors, services, and housing built for them.",608373,2026-08,https://www.zillow.com/home-values/46965/palm-springs-ca/,typical_value,VERIFY,The LGBTQ Community Center of the Desert,Palm Springs Pride (Nov),Arenas District,Living Out apartments; multiple 55+ communities,DAP Health,downtown walkable,hot desert,109,48,earthquake; inland flooding; wildfire; heat wave; landslide,"PSP — Palm Springs International Airport, ~2 mi from downtown",published,2026-09-20,desert-sunbelt,"The density here is real, but so is the heat — 108° summer highs push a lot of the social calendar into October through May, and you'll budget for AC like it's a utility, because it is. Nobody's going to make you explain yourself at the pharmacy or the ER, which after a certain point matters more than the weather does.",,,,15.3,https://williamsinstitute.law.ucla.edu/wp-content/uploads/2020-Census-Snapshots-CA-Sep-2025.pdf,2025-09,131.2,https://www.bestplaces.net/cost_of_living/city/california/palm_springs,2026-09,35,https://www.walkscore.com/CA/Palm_Springs,2026-09,https://flypsp.com/starthere/,2026-09-20,"https://www.ncei.noaa.gov/access/services/data/v1?dataset=normals-monthly-1991-2020&stations=USW00093138&format=json&startDate=0001-01-01&endDate=0001-12-31&dataTypes=MLY-TMAX-NORMAL,MLY-TMIN-NORMAL&units=standard ; https://services.arcgis.com/XG15cJAlne2vxtgt/arcgis/rest/services/National_Risk_Index_Counties/FeatureServer/0/query?where=STCOFIPS%3D%2706065%27&outFields=*&returnGeometry=false&f=json",2026-09-20,https://www.pspride.org/,2026-09-20,https://visitpalmsprings.com/blog/post/palm-springs-pride-days/ ; https://www.hunterspalmsprings.com/ ; http://chillbarpalmsprings.com/,2026-09-20,https://thecentercv.org/en/,2026-09-20,,
wilton-manors,"Fort Lauderdale & Wilton Manors, FL",FL,1,no,Southeast,A compact Fort Lauderdale-area city with a municipal identity built around Wilton Drive.,579530,2026-08,https://www.zillow.com/home-values/34864/wilton-manors-fl/,typical_value,partial,The Pride Center at Equality Park,VERIFY,Wilton Drive,SunServe senior services,Multiple providers,walkable core,tropical,90,61,coastal flooding; hurricane; inland flooding; lightning; cold wave; heat wave; tornado,FLL — Fort Lauderdale-Hollywood International Airport,published,2026-09-20,beach-coastal,"Wilton Drive is small enough that you will run into people you know constantly, in a good way and occasionally an annoying one. Hurricane season is a real planning line item, not a footnote — insurance costs here have climbed, and that's worth pricing in before the lifestyle sells you.",,,,,,,110.5,https://www.bestplaces.net/cost_of_living/city/florida/wilton_manors,2026-09,76,https://www.walkscore.com/score/wilton-manors-florida,2026-09,https://www.airnav.com/airport/KFLL,2026-09-03,"https://www.ncei.noaa.gov/access/services/data/v1?dataset=normals-monthly-1991-2020&stations=USW00012849&format=json&startDate=0001-01-01&endDate=9996-12-31&dataTypes=MLY-TMAX-NORMAL,MLY-TMIN-NORMAL&includeStationName=true ; https://www.fema.gov/about/openfema/data-sets/national-risk-index-data ; https://services.arcgis.com/XG15cJAlne2vxtgt/arcgis/rest/services/National_Risk_Index_Counties/FeatureServer/0/query?where=STCOFIPS%3D%2712011%27&outFields=*&returnGeometry=false&f=json",2026-09-20,,,https://www.visitlauderdale.com/lgbt/,2026-09-20,https://www.pridecenterflorida.org/ ; https://www.pridecenterflorida.org/events,2026-09-20,https://www.broward.org/HumanRights/Pages/default.aspx ; https://hrc-prod-requests.s3-us-west-2.amazonaws.com/files/documents/MEI-Scorecard-Assets/MEI-25-Scorecards/MEI-2025-Wilton-Manors-Florida.pdf,2026-09-20
st-pete,"St. Petersburg & Gulfport, FL",FL,1,no,Southeast,Florida's arts-forward gay hub with a genuine beach-town price break and the Gulfport enclave next door.,354074,2026-08,https://www.zillow.com/home-values/26922/saint-petersburg-fl/,typical_value,VERIFY,Metro Healthy Communities,VERIFY,Grand Central District,Gulfport LGBTQ+ retiree enclave,Metro Healthy Communities,walkable core,humid subtropical,90,53,coastal flooding; cold wave; hurricane; lightning; tornado; hail; inland flooding,PIE / TPA — St. Pete-Clearwater International Airport / Tampa International Airport,published,2026-09-20,beach-coastal,"Quieter and more residential than its Wilton Manors neighbor to the south, without the same density of visibly queer public life — you're trading some of that immersion for lower prices and a calmer pace. Still car-dependent day to day, so factor that into how independent you expect to stay.",,,,,,,102.8,https://www.bestplaces.net/cost_of_living/city/florida/st._petersburg,2026-09,43,https://www.walkscore.com/FL/St._Petersburg,2026-09,https://www.airnav.com/airport/KPIE ; https://www.airnav.com/airport/KTPA,2026-09-03,"https://www.ncei.noaa.gov/access/services/data/v1?dataset=normals-monthly-1991-2020&stations=USW00012873&format=json&startDate=0001-01-01&endDate=9996-12-31&dataTypes=MLY-TMAX-NORMAL,MLY-TMIN-NORMAL&includeStationName=true ; https://www.fema.gov/about/openfema/data-sets/national-risk-index-data ; https://services.arcgis.com/XG15cJAlne2vxtgt/arcgis/rest/services/National_Risk_Index_Counties/FeatureServer/0/query?where=STCOFIPS%3D%2712103%27&outFields=*&returnGeometry=false&f=json",2026-09-20,,,https://www.visitstpeteclearwater.com/lgbtq,2026-09-20,https://metrotampabay.org/,2026-09-20,,
asheville,"Asheville, NC",NC,1,yes,Southeast,"Four real seasons, an established Blue Ridge Pride scene, and a retiree-paced version of WNC life — this is home turf for GayRetirees.com, not a stop on the way through.",498000,2026-08,https://www.redfin.com/city/555/NC/Asheville/housing-market,median_sale,partial,Blue Ridge Pride,Blue Ridge Pride Festival (Sep),VERIFY,Growing 55+ inventory in WNC,WNCAP,downtown walkable,mountain temperate,85,29,lightning; cold wave; ice storm; landslide; strong wind,"AVL — Asheville Regional Airport, ~9 mi from downtown",published,2026-09-20,mountains-seasons,"Mountain towns run on a different clock than beach towns — expect real seasons, real winters, and a slower, more insular social scene than a big gayborhood. No state income tax on Social Security helps the math, but Buncombe County's housing market has gotten less like a bargain and more like a premium in recent years.",,,,,,,105.8,https://www.bestplaces.net/cost_of_living/city/north_carolina/asheville,2026-09,37,https://www.walkscore.com/NC/Asheville,2026-09,https://www.airnav.com/airport/KAVL,2026-09-03,"https://www.ncei.noaa.gov/access/services/data/v1?dataset=normals-monthly-1991-2020&stations=USW00003812&format=json&startDate=0001-01-01&endDate=9996-12-31&dataTypes=MLY-TMAX-NORMAL,MLY-TMIN-NORMAL&includeStationName=true ; https://www.fema.gov/about/openfema/data-sets/national-risk-index-data ; https://services.arcgis.com/XG15cJAlne2vxtgt/arcgis/rest/services/National_Risk_Index_Counties/FeatureServer/0/query?where=STCOFIPS%3D%2737021%27&outFields=*&returnGeometry=false&f=json",2026-09-20,https://www.blueridgepride.org/festival ; https://www.asheville.com/news/2026/08/blue-ridge-pride-expands-its-asheville-festival-to-two-days/,2026-08-11,,,https://www.blueridgepride.org/events ; https://www.blueridgepride.org/festival,2026-09-20,https://www.ashevillenc.gov/department/human-relations-anti-discrimination-and-compliance/non-discrimination-ordinance/,2026-04-29
rehoboth,"Rehoboth Beach & Lewes, DE",DE,1,no,Mid-Atlantic,"The mid-Atlantic's gay beach capital, with CAMP Rehoboth anchoring one of the oldest LGBTQ+ community institutions on the coast.",796302,2026-08,https://www.zillow.com/home-values/47330/rehoboth-beach-de/,typical_value,yes,CAMP Rehoboth,Rehoboth Beach Pride (Jul),Baltimore Avenue,CAMP Rehoboth senior programming,Beebe Healthcare region,seasonal walkable,coastal temperate,88,30,coastal flooding; winter weather; hurricane; cold wave; lightning; strong wind,VERIFY,published,2026-09-20,beach-coastal;small-town,"Small, seasonal, and unmistakably a summer town for half the year — CAMP Rehoboth gives it a real year-round backbone, but winter here is quiet in a way that either sounds like peace or isolation depending on who's asking. No state income tax is a genuine plus; the beach-town price tag less so.",,,,,,,108.1,https://www.bestplaces.net/cost_of_living/city/delaware/rehoboth_beach,2026-09,76,https://www.walkscore.com/score/Rehoboth-Beach-Delaware/lat=38.7155799865723/lng=-75.0817794799805/,2026-09,,,https://www.ncei.noaa.gov/data/normals-monthly/1991-2020/access/USC00075320.csv ; https://www.fema.gov/about/reports-and-data/openfema/nri/v120/NRI_Table_Counties.zip,2026-09-20,https://sussexpride.org/rehobothbeach/ ; https://www.capegazette.com/article/rehoboth-beach-pride-festival-returns-july-18/353239,2026-07-16,https://www.camprehoboth.org/ ; https://www.aquarehoboth.com/,2026-09-20,https://www.camprehoboth.org/ ; https://www.capegazette.com/article/camp-rehoboth-names-new-executive-director/301765,2026-03-12,https://www.mapresearch.org/equality-maps/profile_state/DE,2026-09-20
sarasota,"Sarasota & Bradenton, FL",FL,1,no,Southeast,Gulf Coast arts and culture in the Sarasota–Bradenton area.,409878,2026-08,https://www.zillow.com/home-values/20362/sarasota-fl/,typical_value,partial,Project Pride SRQ,Gulfcoast Pride Festival & Street Party (Oct),VERIFY,,CAN Community Health,car-first,humid subtropical,91,52,hurricane; lightning; coastal flooding; inland flooding; strong wind; tornado,"SRQ — Sarasota/Bradenton International Airport, ~3 mi from downtown",published,2026-09-20,beach-coastal,"More conventional retiree Florida than gay enclave — the community here is real but lower-profile than Wilton Manors or Key West, so this fits someone who wants LGBTQ+-safe without wanting LGBTQ+-central. Hurricane exposure and rising insurance costs apply here just like the rest of the Gulf Coast.",,,,,,,105.3,https://www.bestplaces.net/cost_of_living/city/florida/sarasota,2026-09,52,https://www.walkscore.com/FL/Sarasota,2026-09,https://www.airnav.com/airport/KSRQ,2026-09-03,"https://www.ncei.noaa.gov/access/services/data/v1?dataset=normals-monthly-1991-2020&stations=USW00012871&format=json&startDate=0001-01-01&endDate=9996-12-31&dataTypes=MLY-TMAX-NORMAL,MLY-TMIN-NORMAL&includeStationName=true ; https://www.fema.gov/about/openfema/data-sets/national-risk-index-data ; https://services.arcgis.com/XG15cJAlne2vxtgt/arcgis/rest/services/National_Risk_Index_Counties/FeatureServer/0/query?where=STCOFIPS%3D%2712115%27&outFields=*&returnGeometry=false&f=json",2026-09-20,https://www.eventeny.com/events/gulfcoast-pride-festival-2026-free-entry-31532/,2026-09-20,,,https://www.ppsrq.org/ ; https://www.ppsrq.org/lgbtq-news-sarasota,2026-09-20,https://www.sarasotafl.gov/Departments/Human-Resources,2026-09-20
phoenix,"Phoenix & Scottsdale, AZ",AZ,1,no,Southwest,A large Southwest metro with the Melrose District and desert retirement at scale.,455000,2026-08,https://www.redfin.com/city/14240/AZ/Phoenix/housing-market,median_sale,yes,Phoenix Pride,Phoenix Pride Festival & Parade (Oct),Melrose District,Extensive 55+ inventory,Multiple providers,car-first,hot desert,107,46,heat wave; hail; riverine flooding; strong wind; drought; lightning; wildfire,"PHX — Phoenix Sky Harbor International Airport, ~3 mi from downtown",published,2026-09-20,desert-sunbelt;big-city,"This is the high-volume option, not the intimate one — car-first sprawl means you'll want a car and a plan for 107 degree summers, not a walkable gayborhood to retire into. What you get instead is scale: real hospital systems, endless 55+ inventory, and a price point that's still workable. Melrose District gives you a queer commercial strip, but this is a city to live near, not stroll through.",,,,,,,113,https://www.bestplaces.net/cost_of_living/city/arizona/phoenix,2026-09,41,https://www.walkscore.com/AZ/Phoenix,2026-09,https://www.skyharbor.com/about-phx/administration/airport-speakers-tours/,2026-09-20,"https://www.ncei.noaa.gov/access/services/data/v1?dataset=normals-monthly-1991-2020&stations=USW00023183&format=json&dataTypes=MLY-TMAX-NORMAL,MLY-TMIN-NORMAL ; https://hazards.fema.gov/nri/",2026-09-20,https://phoenixpride.org/events/pride-festival/,2026-09-20,https://www.visitphoenix.com/things-to-do/lgbtq/,2026-09-20,https://phoenixpride.org/ ; https://www.azfamily.com/2026/06/02/phoenix-pride-enters-chapter-11-attorney-explains-what-comes-next/,2026-09-20,https://www.phoenix.gov/administration/departments/eod/programs-services/public-accommodations.html ; https://hrc-prod-requests.s3-us-west-2.amazonaws.com/files/documents/MEI-Scorecard-Assets/MEI-25-Scorecards/MEI-2025-Phoenix-Arizona.pdf,2026-09-20
tucson,"Tucson, AZ",AZ,1,no,Southwest,Palm Springs' more affordable cousin — desert beauty and a college-town culture.,320000,2026-08,https://www.redfin.com/city/19459/AZ/Tucson/housing-market,median_sale,yes,Southern Arizona AIDS Foundation (SAAF),VERIFY,VERIFY,Affordable 55+ inventory,El Rio Health,car-first with pockets,hot desert,100,41,heat wave; lightning; riverine flooding; wildfire,"TUS — Tucson International Airport, ~8 mi from downtown",published,2026-09-20,desert-sunbelt;small-town,"Tucson trades some of Palm Springs' density and polish for a real price break and a college-town texture instead of a resort one. Car-first outside a few pockets, and summers run past 100 degrees for weeks at a stretch — the payoff is one of the more affordable desert options on this list without giving up state-level protections.",,,,,,,97,https://www.bestplaces.net/cost_of_living/city/arizona/tucson,2026-09,43,https://www.walkscore.com/AZ/Tucson,2026-09,https://flytucson.com/in_the_terminal/passenger_services/visit_tucson.php,2026-09-20,"https://www.ncei.noaa.gov/access/services/data/v1?dataset=normals-monthly-1991-2020&stations=USW00023160&format=json&dataTypes=MLY-TMAX-NORMAL,MLY-TMIN-NORMAL ; https://hazards.fema.gov/nri/",2026-09-20,,,,,https://www.saaf.org,2026-09-20,https://www.tucsonaz.gov/Departments/Office-of-Equal-Opportunity-Programs/Discrimination-Tucson-Residents ; https://hrc-prod-requests.s3-us-west-2.amazonaws.com/files/documents/MEI-Scorecard-Assets/MEI-25-Scorecards/MEI-2025-Tucson-Arizona.pdf,2026-09-20
santa-fe,"Santa Fe, NM",NM,2,no,Southwest,"Art, altitude, and one of the highest same-sex-couple shares of any small US city, in a fully protective state.",575000,2026-08,https://www.redfin.com/city/18007/NM/Santa-Fe/housing-market,median_sale,partial,Human Rights Alliance (HRA) Santa Fe,PRIDE Santa Fe / Pride on the Plaza (Jun),VERIFY,Strong arts & senior culture,Southwest Care,compact walkable core,high desert,86,18,lightning; wildfire; winter weather,"SAF — Santa Fe Regional Airport, ~14 mi from downtown",published,2026-09-20,desert-sunbelt;mountains-seasons,"Santa Fe's downtown is genuinely walkable and the state law is about as protective as it gets, but altitude is a real physical adjustment worth discussing with a doctor before you commit, not after. Wildfire smoke has become a summer fixture across the Southwest generally, and this is one of the pricier options on this list for a small city.",,,,,,,112,https://www.bestplaces.net/cost_of_living/city/new_mexico/santa_fe,2026-09,39,https://www.walkscore.com/NM/Santa_Fe,2026-09,https://flysantafe.com/why-fly-santa-fe/ ; https://www.santafe.org/blog/post/getting-to-and-around-santa-fe/,2026-09-20,"https://www.ncei.noaa.gov/access/services/data/v1?dataset=normals-monthly-1991-2020&stations=USC00298085&format=json&dataTypes=MLY-TMAX-NORMAL,MLY-TMIN-NORMAL ; https://hazards.fema.gov/nri/",2026-09-20,https://santafenmtrue.com/events/pride-2026-festival-on-the-plaza ; https://hrasantafe.org/pride/,2026-09-20,,,https://hrasantafe.org,2026-09-20,https://santafenm.gov/MunicipalCharter2020DIGITALversion.pdf ; https://santafenm.gov/affordable-housing/fair-housing ; https://hrc-prod-requests.s3-us-west-2.amazonaws.com/files/documents/MEI-Scorecard-Assets/MEI-25-Scorecards/MEI-2025-Santa-Fe-New-Mexico.pdf,2026-09-20
albuquerque,"Albuquerque, NM",NM,2,no,Southwest,"Santa Fe's value play — same protective state law, a real city's healthcare, at two-thirds the price.",360000,2026-08,https://www.redfin.com/city/513/NM/Albuquerque/housing-market,median_sale,yes,Transgender Resource Center of New Mexico,Albuquerque PrideFest (Jun),VERIFY,UNM health system,UNM Truman Health,car-first with pockets,high desert,91,26,lightning; winter weather; hail; riverine flooding,ABQ — Albuquerque International Sunport,published,2026-09-20,desert-sunbelt;big-city,"Albuquerque is the pragmatic choice next to Santa Fe — same statewide protections, a real hospital system, at meaningfully less money. It's car-first outside a few pockets, and it doesn't have Santa Fe's compact walkable core or arts-town polish; what it has instead is affordability and infrastructure.",,,,,,,92,https://www.bestplaces.net/cost_of_living/city/new_mexico/albuquerque,2026-09,43,https://www.walkscore.com/NM/Albuquerque,2026-09,https://www.abqsunport.com/ ; https://www.abqsunport.com/facts-figures/,2026-09-20,"https://www.ncei.noaa.gov/access/services/data/v1?dataset=normals-monthly-1991-2020&stations=USW00023050&format=json&dataTypes=MLY-TMAX-NORMAL,MLY-TMIN-NORMAL ; https://hazards.fema.gov/nri/",2026-09-20,https://abq.news/2026/06/pridefest-pride-parade-pride-weekend/ ; https://abqpride.com,2026-09-20,,,https://www.tgrcnm.org,2026-09-20,https://www.cabq.gov/civilrights/albuquerque-human-rights-ordinance ; https://hrc-prod-requests.s3-us-west-2.amazonaws.com/files/documents/MEI-Scorecard-Assets/MEI-25-Scorecards/MEI-2025-Albuquerque-New-Mexico.pdf,2026-09-20
las-vegas,"Las Vegas & Henderson, NV",NV,2,no,West,"No income tax, explicit state protections, endless 55+ inventory — an underrated combination for LGBTQ+ retirees.",419144,2026-08,https://www.zillow.com/home-values/18959/las-vegas-nv/,typical_value,VERIFY,The Center (Las Vegas LGBTQ+ community center),Las Vegas Pride (Oct),VERIFY,Massive 55+ community inventory,Multiple providers,car-first,hot desert,105,41,heat wave; inland flooding; earthquake; hail; lightning,LAS — Harry Reid International Airport,published,2026-09-20,desert-sunbelt;big-city,"Las Vegas isn't the Strip for a retiree who actually lives here — it's suburban, car-dependent neighborhoods with genuinely good tax math (no state income tax) and explicit protections on the books. Summers run past 100 degrees for months, and the city's identity as a tourist destination is background noise you'll tune out fast, for better or worse.",,,,,,,110.6,https://www.bestplaces.net/cost_of_living/city/nevada/las_vegas,2026-09,42,https://www.walkscore.com/NV/Las_Vegas,2026-09,https://www.harryreidairport.com/,2026-09-20,"https://www.ncei.noaa.gov/access/services/data/v1?dataset=normals-monthly-1991-2020&stations=USW00023169&format=json&startDate=0001-01-01&endDate=0001-12-31&dataTypes=MLY-TMAX-NORMAL,MLY-TMIN-NORMAL&units=standard ; https://services.arcgis.com/XG15cJAlne2vxtgt/arcgis/rest/services/National_Risk_Index_Counties/FeatureServer/0/query?where=STCOFIPS%3D%2732003%27&outFields=*&returnGeometry=false&f=json",2026-09-20,https://lasvegaspride.org/ ; https://lasvegaspride.org/about,2026-09-20,,,https://thecenterlv.org/,2026-09-20,,
denver,"Denver, CO",CO,2,no,Mountain West,"Big-city healthcare and The Center on Colfax's dedicated older-adult programming, in a fully protective state.",524695,2026-08,https://www.zillow.com/home-values/11093/denver-co/,typical_value,yes,The Center on Colfax,Denver Pride (Jun),East Colfax Avenue corridor,SAGE programming at The Center,Multiple providers,transit + walkable pockets,semi-arid continental,90,19,hail; lightning; cold wave; inland flooding; strong wind; tornado; winter weather,DEN — Denver International Airport,published,2026-09-20,mountains-seasons;big-city,"Denver gives you real winters and real elevation-driven weather swings — snow and hail are seasonal facts here, not edge cases — in exchange for a genuinely protective state and The Center on Colfax's dedicated older-adult programming. It's one of the pricier big-city options on this list, and the walkability is real but patchy, concentrated in specific neighborhoods rather than citywide.",,,,2.04,https://williamsinstitute.law.ucla.edu/wp-content/uploads/2020-Census-Snapshots-CO-Sep-2025.pdf,2025-09,127.6,https://www.bestplaces.net/cost_of_living/city/colorado/denver,2026-09,61,https://www.walkscore.com/CO/Denver,2026-09,https://www.flydenver.com/,2026-09-20,"https://www.ncei.noaa.gov/access/services/data/v1?dataset=normals-monthly-1991-2020&stations=USW00003017&format=json&startDate=0001-01-01&endDate=0001-12-31&dataTypes=MLY-TMAX-NORMAL,MLY-TMIN-NORMAL&units=standard ; https://services.arcgis.com/XG15cJAlne2vxtgt/arcgis/rest/services/National_Risk_Index_Counties/FeatureServer/0/query?where=STCOFIPS%3D%2708031%27&outFields=*&returnGeometry=false&f=json",2026-09-20,https://www.denverpride.org/ ; https://lgbtqcolorado.org/west-of-50/,2026-09-20,https://lgbtqcolorado.org/ ; https://www.charliesdenver.com/,2026-09-20,https://lgbtqcolorado.org/,2026-09-20,https://www.denvergov.org/content/dam/denvergov/Portals/643/documents/Offices/antidiscrimination/DADO%20Fact%20Sheet.pdf ; https://hrc-prod-requests.s3-us-west-2.amazonaws.com/files/documents/MEI-Scorecard-Assets/MEI-25-Scorecards/MEI-2025-Denver-Colorado.pdf,2026-09-20
portland,"Portland, OR",OR,2,no,Pacific NW,"Deeply established LGBTQ+ civic culture, no sales tax, and mild summers for retirees fleeing heat.",527359,2026-08,https://www.zillow.com/home-values/13373/portland-or/,typical_value,yes,Portland Q Center,Portland Pride Waterfront Festival & Parade (Jul),VERIFY,Strong senior services network,Multiple providers,transit + walkable,marine temperate,82,36,earthquake; heat wave; inland flooding; cold wave; ice storm; winter weather,"PDX — Portland International Airport, ~12 mi from downtown",published,2026-09-20,big-city,"Portland's LGBTQ+ civic infrastructure is deep and long-established, and the no-sales-tax math is real. What that doesn't buy you is sun — expect gray, rainy stretches for much of the year, plus wildfire smoke drifting in some summers, and prices here aren't the bargain the mild climate might suggest.",,,,,,,127.7,https://www.bestplaces.net/cost_of_living/city/oregon/portland,2026-09,67,https://www.walkscore.com/score/portland-or,2026-09,https://www.portofportland.com/PDX/Directions ; https://www.flypdx.com/Directions,2026-09-20,"https://www.ncei.noaa.gov/access/services/data/v1?dataset=normals-monthly-1991-2020&stations=USW00024229&format=json&startDate=0001-01-01&endDate=0001-12-31&dataTypes=MLY-TMAX-NORMAL,MLY-TMIN-NORMAL&units=standard ; https://services.arcgis.com/XG15cJAlne2vxtgt/arcgis/rest/services/National_Risk_Index_Counties/FeatureServer/0/query?where=STCOFIPS%3D%2741051%27&outFields=*&returnGeometry=false&f=json",2026-09-20,https://portlandpride.org/,2026-09-20,,,https://www.pdxqcenter.org/,2026-09-20,https://www.portland.gov/code/23/01 ; https://hrc-prod-requests.s3-us-west-2.amazonaws.com/files/documents/MEI-Scorecard-Assets/MEI-25-Scorecards/MEI-2025-Portland-Oregon.pdf,2026-09-20
austin,"Austin, TX",TX,2,no,Texas,No income tax and a blue-dot culture — the Texas option for retirees with Texas roots or family.,550000,2026-08,https://www.redfin.com/city/30818/TX/Austin/housing-market,median_sale,yes,Austin LGBT Chamber of Commerce,Austin Pride Festival + Parade (Aug),VERIFY,Growing 55+ metro inventory,Multiple providers,car-first with pockets,humid subtropical,96,38,tornado; hail; heat wave; ice storm; inland flooding; lightning; strong wind,"AUS — Austin-Bergstrom International Airport, ~7.5 mi from downtown",published,2026-09-20,big-city,"Austin's appeal is largely about proximity — to family, to a particular culture, to Texas roots — more than it is about built-out gay infrastructure specifically; treat ""blue dot in a red state"" as a real dynamic to weigh, not just a slogan. Car-dependent outside a few walkable pockets, and summers run into the high 90s for weeks.",,,,,,,129.1,https://www.bestplaces.net/cost_of_living/city/texas/austin,2026-09,42,https://www.walkscore.com/score/austin-tx,2026-09,https://www.austintexas.org/plan-a-trip/getting-here/austin-flights/ ; https://www.flyaustin.com/,2026-09-20,"https://www.ncei.noaa.gov/access/services/data/v1?dataset=normals-monthly-1991-2020&stations=USW00013904&dataTypes=MLY-TMAX-NORMAL,MLY-TMIN-NORMAL&format=csv&includeStationName=true ; https://www.fema.gov/about/reports-and-data/openfema/nri/v120/NRI_Table_Counties.zip",2026-09-20,https://austinpride.org/event/pride-2026/,2026-09-20,,,https://austinlgbtchamber.com/,2026-09-20,https://www.hrc.org/resources/municipalities/austin-tx,2026-09-20
raleigh-durham,"Raleigh–Durham, NC",NC,2,no,Southeast,Research Triangle healthcare across two cities — Durham and Raleigh — that aren't interchangeable.,422000,2026-08,https://www.redfin.com/city/35711/NC/Raleigh/housing-market,median_sale,partial,LGBTQ Center of Durham; LGBT Center of Raleigh,Out! Raleigh Pride (Jun); Pride: Durham (Sep),VERIFY,,Duke & UNC systems,car-first with pockets,humid subtropical,91,32,hail; heat wave; ice storm; lightning; inland flooding; tornado; strong wind,"RDU — Raleigh-Durham International Airport, ~9 mi from downtown Raleigh",published,2026-09-20,big-city,"This page covers two cities, and the experience differs block to block — Durham and Raleigh aren't interchangeable, so treat this as a starting point, not a finished answer, and compare the two directly before committing. Village Hearth is a real, specific option worth researching on its own; the broader metro is car-dependent and the state's protections are only partial, not statewide-explicit.",,,,,,,,,,,,,https://www.airnav.com/airport/KRDU,2026-09-03,"https://www.ncei.noaa.gov/access/services/data/v1?dataset=normals-monthly-1991-2020&stations=USW00013722&format=json&startDate=0001-01-01&endDate=9996-12-31&dataTypes=MLY-TMAX-NORMAL,MLY-TMIN-NORMAL&includeStationName=true ; https://www.fema.gov/about/openfema/data-sets/national-risk-index-data ; https://services.arcgis.com/XG15cJAlne2vxtgt/arcgis/rest/services/National_Risk_Index_Counties/FeatureServer/0/query?where=STCOFIPS%3D%2737183%27&outFields=*&returnGeometry=false&f=json ; https://services.arcgis.com/XG15cJAlne2vxtgt/arcgis/rest/services/National_Risk_Index_Counties/FeatureServer/0/query?where=STCOFIPS%3D%2737063%27&outFields=*&returnGeometry=false&f=json",2026-09-20,https://www.lgbtqcenterofdurham.org/program/pride/ ; https://www.lgbtcenterofraleigh.com/out-raleigh-pride,2026-09-20,,,https://www.lgbtqcenterofdurham.org/ ; https://www.lgbtcenterofraleigh.com/,2026-09-20,https://hrc-prod-requests.s3-us-west-2.amazonaws.com/files/documents/MEI-Scorecard-Assets/MEI-25-Scorecards/MEI-2025-Durham-North-Carolina.pdf ; https://hrc-prod-requests.s3-us-west-2.amazonaws.com/files/documents/MEI-Scorecard-Assets/MEI-25-Scorecards/MEI-2025-Raleigh-North-Carolina.pdf,2025-11-18
savannah,"Savannah, GA",GA,3,no,Southeast,"Historic-district charm and a genuine community anchor in Savannah Pride Center, at a Deep South price.",322239,2026-08,https://www.zillow.com/home-values/47584/savannah-ga/,typical_value,yes,Savannah Pride Center,Savannah Pride Festival (Oct),VERIFY,Historic district senior appeal,Multiple providers,historic core walkable,humid subtropical,92,40,coastal flooding; hurricane; ice storm; lightning,"SAV — Savannah/Hilton Head International Airport, ~7 mi from downtown",published,2026-09-20,small-town,"Savannah's historic core is genuinely walkable and Savannah Pride Center is a real anchor, but the state protections underneath it are partial, not explicit — worth understanding exactly what that does and doesn't cover before treating ""Deep South"" as either a dealbreaker or a non-issue. Hurricane exposure is part of the deal here, same as most of the Southeast coast.",,,,,,,90.2,https://www.bestplaces.net/cost_of_living/city/georgia/savannah,2026-09,44,https://www.walkscore.com/score/savannah-georgia,2026-09,https://www.airnav.com/airport/KSAV,2026-09-03,"https://www.ncei.noaa.gov/access/services/data/v1?dataset=normals-monthly-1991-2020&stations=USW00003822&format=json&startDate=0001-01-01&endDate=9996-12-31&dataTypes=MLY-TMAX-NORMAL,MLY-TMIN-NORMAL&includeStationName=true ; https://www.fema.gov/about/openfema/data-sets/national-risk-index-data ; https://services.arcgis.com/XG15cJAlne2vxtgt/arcgis/rest/services/National_Risk_Index_Counties/FeatureServer/0/query?where=STCOFIPS%3D%2713051%27&outFields=*&returnGeometry=false&f=json",2026-09-20,https://savannahpridecenter.org/pride-2026,2026-09-20,,,https://savannahpridecenter.org/aboutus ; https://savannahpridecenter.org/,2026-09-20,https://hrc-prod-requests.s3-us-west-2.amazonaws.com/files/documents/MEI-Scorecard-Assets/MEI-25-Scorecards/MEI-2025-Savannah-Georgia.pdf,2025-11-18
key-west,"Key West, FL",FL,3,no,Southeast,"One human settlement, one gay main street — at a price and insurance cost that filters the buyer pool.",1007374,2026-08,https://www.zillow.com/home-values/52767/key-west-fl/,typical_value,yes,Key West Business Guild,Key West Pride (Jun),Duval Street (700-900 blocks),Long-established LGBTQ+ retiree base,AH of Monroe County,fully walkable,tropical,90,66,coastal flooding; hurricane; lightning,EYW — Key West International Airport,published,2026-09-20,beach-coastal;small-town,"Key West is the most concentrated version of this on the whole list — one small island, one visible gay main street — and the price tag and insurance costs reflect exactly how few people that's realistic for. If the number works for you, the tradeoff is total immersion in a place that's also genuinely exposed to hurricane risk and a shrinking pool of full-time locals versus tourists.",,,,,,,148.2,https://www.bestplaces.net/cost_of_living/city/florida/key_west,2026-09,63,https://www.walkscore.com/FL/Key_West,2026-09,https://eyw.com/,2026-09-20,https://www.ncei.noaa.gov/data/normals-monthly/1991-2020/access/USW00012836.csv ; https://www.fema.gov/about/reports-and-data/openfema/nri/v120/NRI_Table_Counties.zip,2026-09-20,https://www.wlrn.org/arts-culture/2026-06-04/key-west-pride-festival-dei-funding-rainbow ; https://visitfloridakeys.com/plan-your-trip/plan-book/events/key-west-pride-2026,2026-06-04,https://bourbonstpub.com/ ; https://801.bar/,2026-09-20,https://www.metroweekly.com/2026/05/florida-anti-dei-law-key-west-pride-funding/ ; https://www.keywestchamber.org/latest-community-news/key-west-womenfest-returns-september-2-6,2026-09-20,https://www.mapresearch.org/equality-maps/profile_state/FL,2026-09-20
provincetown,"Provincetown, MA",MA,3,no,Northeast,"The oldest continuous LGBTQ+ community in America — a small, expensive, extraordinary place to grow old among your own.",1078207,2026-08,https://www.zillow.com/home-values/398808/provincetown-ma/,typical_value,yes,Provincetown Business Guild,Provincetown Pride (Jun),Commercial Street,Year-round LGBTQ+ elder community,Outer Cape Health,fully walkable,coastal marine,VERIFY,VERIFY,coastal flooding; hurricane; lightning,PVC — Provincetown Municipal Airport,published,2026-09-20,beach-coastal;small-town,"Provincetown is extraordinary, and it's also one of the most expensive places we cover, in a town whose year-round population and economy both shrink hard once the season ends — winter here is genuinely quiet, not just off-peak. If you can afford it and you want maximum immersion in queer community, this is probably the answer; if either of those isn't true, it's worth being honest with yourself about that early.",,,,,,,131.5,https://www.bestplaces.net/cost_of_living/city/massachusetts/provincetown,2026-09,,,,https://www.provincetown-ma.gov/170/Airport ; https://www.provincetown-ma.gov/270/Airlines,2026-09-20,https://www.fema.gov/about/reports-and-data/openfema/nri/v120/NRI_Table_Counties.zip,2026-09-20,https://ptowntourism.com/events/,2026-09-20,https://theboatslip.com/ ; https://www.onlyatthecrown.com/ ; https://ptowntourism.com/,2026-09-20,https://ptown.org/,2026-09-20,https://www.mapresearch.org/equality-maps/profile_state/MA ; https://hrc-prod-requests.s3-us-west-2.amazonaws.com/files/documents/MEI-Scorecard-Assets/MEI-25-Scorecards/MEI-2025-Provincetown-Massachusetts.pdf,2026-09-20
ogunquit,Ogunquit & Southern Maine,ME,3,no,Northeast,"New England's quieter gay beach town, in a fully protective state, an hour from Portland's food scene.",928504,2026-08,https://www.zillow.com/home-values/46868/ogunquit-me/,typical_value,yes,Ogunquit Chamber of Commerce,Ogunquit Pride (Jun),VERIFY,Small-town LGBTQ+ retiree base,So. Maine Health,village walkable,coastal humid continental,77,13,ice storm; coastal flooding,PWM — Portland International Jetport,published,2026-09-20,beach-coastal;small-town,"Ogunquit is the quieter, more low-key alternative to a place like Provincetown — a real village you can walk, in a fully protective state — but Maine winters are genuinely cold and the town's rhythm slows down hard in the off-season. It's still an expensive small coastal town, not a bargain.",,,,,,,109.9,https://www.bestplaces.net/cost_of_living/city/maine/ogunquit,2026-09,,,,https://www.portlandjetport.org/,2026-09-20,https://www.ncei.noaa.gov/data/normals-monthly/1991-2020/access/USC00174193.csv ; https://www.fema.gov/about/reports-and-data/openfema/nri/v120/NRI_Table_Counties.zip,2026-09-20,https://www.ogunquit.org/ogunquit-pride/,2026-09-20,,,https://www.ogunquit.org/,2026-09-20,https://www.mapresearch.org/equality-maps/profile_state/ME,2026-09-20
new-hope,"New Hope & Doylestown, PA",PA,3,no,Mid-Atlantic,"Bucks County's arts-colony gay haven — retirement income is state-tax-exempt in PA, a fact nobody markets.",973223,2026-08,https://www.zillow.com/home-values/49592/new-hope-pa/,typical_value,yes,New Hope Celebrates,New Hope PrideFest (May),"Main Street, New Hope",Established LGBTQ+ retiree base,Penn Medicine region,village walkable,humid continental,86,23,ice storm; winter weather; inland flooding; strong wind; tornado; lightning,"PHL — Philadelphia International Airport, ~40 mi from downtown",published,2026-09-20,small-town;mountains-seasons,"New Hope's tax advantage is real and specific — Pennsylvania doesn't tax retirement income — but the town itself is pricey for what it is, a small arts-colony village rather than a city with real infrastructure nearby. River flood risk is worth understanding for specific properties near the water before the setting sells you.",,,,,,,119.7,https://www.bestplaces.net/cost_of_living/city/pennsylvania/new_hope,2026-09,81,https://www.walkscore.com/score/New-Hope-Pennsylvania/lat=40.3658294677734/lng=-74.9519577026367/,2026-09,https://www.visitbuckscounty.com/plan-your-visit/getting-here/,2026-09-20,https://www.ncei.noaa.gov/data/normals-monthly/1991-2020/access/USW00054786.csv ; https://www.fema.gov/about/reports-and-data/openfema/nri/v120/NRI_Table_Counties.zip,2026-09-20,https://www.newhopecelebrates.com/pridefest/,2026-09-20,https://www.visitbuckscounty.com/lgbtq/ ; https://www.newhopecelebrates.com/pridefest/,2026-09-20,https://www.newhopecelebrates.com/,2026-09-20,https://www.mapresearch.org/equality-maps/profile_state/PA ; https://hrc-prod-requests.s3-us-west-2.amazonaws.com/files/documents/MEI-Scorecard-Assets/MEI-25-Scorecards/MEI-2025-New-Hope-Pennsylvania.pdf,2026-09-20
saugatuck,"Saugatuck & Douglas, MI",MI,3,no,Midwest,"The Midwest's century-old gay resort towns, now in a state with explicit protections since 2023.",631265,2026-08,https://www.zillow.com/home-values/13723/saugatuck-mi/,typical_value,VERIFY,CommUNITY PRIDE (Saugatuck-Douglas),CommUNITY PRIDE Week (Jun),Saugatuck and Douglas,Established LGBTQ+ second-home-to-retirement pipeline,W. Michigan systems,village walkable,lake-effect temperate,82,20,strong wind,GRR — Gerald R. Ford International Airport,published,2026-09-20,beach-coastal;small-town,"Saugatuck and Douglas have been a gay resort pairing for a century, which gives them real history, but ""resort town"" also means a seasonal rhythm and lake-effect winters that are a genuine adjustment if you're not already used to Midwest snow. Michigan's protections are recent, in place since 2023, not long-established — worth knowing rather than assuming.",,,,,,,,,,63,https://www.walkscore.com/score/saugatuck-mi,2026-09,https://www.saugatuck.com/getting-here/,2026-09-20,"https://www.ncei.noaa.gov/access/services/data/v1?dataset=normals-monthly-1991-2020&stations=USW00004839&dataTypes=MLY-TMAX-NORMAL,MLY-TMIN-NORMAL&format=csv&includeStationName=true ; https://www.fema.gov/about/reports-and-data/openfema/nri/v120/NRI_Table_Counties.zip",2026-09-20,https://communitypridemi.org/pride-week-2026.html,2026-09-20,https://www.dunesresort.com/ ; https://www.saugatuck.com/lgbtq/,2026-09-20,https://communitypridemi.org/,2026-09-20,,
eureka-springs,"Eureka Springs, AR",AR,3,no,Ozarks,"The Ozarks' improbable gay village, at one of the lower price points we cover.",315339,2026-08,https://www.zillow.com/home-values/11360/eureka-springs-ar/,typical_value,VERIFY,Out In Eureka (Diversity In The Ozarks),Eureka Springs Pride (Jun),VERIFY,Longstanding LGBTQ+ small-town community,NW Arkansas systems,steep but compact,Ozark temperate,88,23,ice storm,"XNA — Northwest Arkansas National Airport, ~50 mi from Eureka Springs",published,2026-09-20,mountains-seasons;small-town,"Eureka Springs is among the more affordable places we cover, and the terrain is real — steep, hilly streets that are walkable but not flat, worth weighing honestly if mobility is a concern. It's also one of the smallest and more remote towns we cover, so healthcare access and airport distance deserve real scrutiny beyond what a one-liner can tell you.",,,,,,,76.3,https://www.bestplaces.net/cost_of_living/city/arkansas/eureka_springs,2026-09,,,,https://northwestarkansas.org/eureka-springs/ ; https://www.flyxna.com/,2026-09-20,"https://www.ncei.noaa.gov/access/services/data/v1?dataset=normals-monthly-1991-2020&stations=USC00237645&dataTypes=MLY-TMAX-NORMAL,MLY-TMIN-NORMAL&format=csv&includeStationName=true ; https://www.fema.gov/about/reports-and-data/openfema/nri/v120/NRI_Table_Counties.zip",2026-09-20,https://www.eurekaspringschamber.com/events/details/bianca-del-rio-live-at-the-aud-11167,2026-09-20,,,https://www.outineureka.org/,2026-09-20,,
guerneville,"Guerneville & Russian River, CA",CA,3,no,West,Sonoma County's redwood gay resort area — California protections and wine country at a relative discount.,518406,2026-08,https://www.zillow.com/home-values/28730/guerneville-ca/,typical_value,VERIFY,Russian River Pride,Russian River Pride (Sep),Downtown Guerneville,Long-established LGBTQ+ retiree base,Sonoma County systems,compact village,redwood coastal,VERIFY,VERIFY,wildfire; drought; earthquake; inland flooding; landslide,STS — Charles M. Schulz–Sonoma County Airport,published,2026-09-20,beach-coastal;mountains-seasons;small-town,"Guerneville trades most of California's price tag for a genuinely rural, redwood-forest setting — wildfire risk and river flooding are both real considerations here, not hypothetical hazard-flag boilerplate, given the area's history with both. It's compact and walkable at its center, but isolated relative to a real city, with the healthcare-access tradeoffs that implies.",,,,,,,151.8,https://www.bestplaces.net/cost_of_living/city/california/guerneville,2026-09,53,https://www.walkscore.com/score/guerneville-ca-95446,2026-09,https://www.sonomacounty.com/trip-planning/transportation/charles-m-schulz-sonoma-county-airport/,2026-09-20,https://services.arcgis.com/XG15cJAlne2vxtgt/arcgis/rest/services/National_Risk_Index_Counties/FeatureServer/0/query?where=STCOFIPS%3D%2706097%27&outFields=*&returnGeometry=false&f=json,2026-09-20,https://russianriverpride.org/,2026-09-20,https://www.pressdemocrat.com/2026/09/19/russian-river-pride-fills-downtown-guerneville-with-color-music-and-celebration/ ; https://queersteer.com/ ; https://www.ther3hotel.com/,2026-09-20,https://russianriverpride.org/,2026-09-20,,
