city_slug,name,month,typical_weeks,url,source,verified_asof
asheville,Blue Ridge Pride Festival,Sep,,https://www.blueridgepride.org/festival,Organizer site; Asheville.com 2026-08-11,2026-09-20
asheville,AVL Stonewall Fest,Jun,,https://avlstonewallfest.org,Asheville.com 2026-06-24; BPR 2026-06-25,2026-09-20
raleigh-durham,"Pride: Durham, NC",Sep,,https://www.lgbtqcenterofdurham.org/program/pride/,Organizer page; Discover Durham guide 2026-09-17,2026-09-20
raleigh-durham,Out! Raleigh Pride,Jun,,https://www.lgbtcenterofraleigh.com/out-raleigh-pride,Organizer page; DoRaleigh 2026-06-23,2026-09-20
raleigh-durham,OutSouth Queer Film Festival,Aug,,https://carolinatheatre.org/outsouth/,Carolina Theatre of Durham,2026-09-20
raleigh-durham,Beaver Queen Pageant,Jun,,https://www.beaverqueen.org/,Organizer site (listed as LGBTQ event by Discover Durham),2026-09-20
savannah,Savannah Pride Festival,Oct,,https://savannahpridecenter.org/pride-2026,Organizer site,2026-09-20
st-pete,Sapphic Pride Week,Oct,,https://www.stpetepride.org/2026-events,Organizer 2026 events page,2026-09-20
sarasota,Gulfcoast Pride Festival & Street Party,Oct,,https://www.ppsrq.org/,Organizer / Eventeny listing,2026-09-20
sarasota,Silver Pride,Jun,,https://www.ppsrq.org/post/silver-pride-2026-celebrated-community-connection-and-belonging,Project Pride SRQ blog,2026-09-20
key-west,Key West Pride,Jun,first week of June,https://gaykeywestfl.com/pride/,WLRN 2026-06-04; Monroe County TDC page,2026-09-20
key-west,Tropical Heat,Aug,,https://gaykeywestfl.com/tropical-heat/,WLRN 2026-06-04,2026-09-20
key-west,Womenfest,Sep,first week of September,https://gaykeywestfl.com/womenfest/,"Greater Key West Chamber, 2026-04-16",2026-09-20
rehoboth,Rehoboth Beach Pride,Jul,mid-July,https://sussexpride.org/rehobothbeach/,Sussex Pride; Cape Gazette 2026-07-16,2026-09-20
rehoboth,Sunfestival,Sep,Labor Day weekend,https://www.camprehoboth.org/,CAMP Rehoboth ticketing page,2026-09-20
provincetown,Carnival,Aug,,https://ptowntourism.com/,Provincetown Office of Tourism,2026-09-20
provincetown,WELLTOWN Weekend,Sep,,https://ptown.org/,Provincetown Business Guild,2026-09-20
provincetown,Mates Leather Weekend,Oct,,https://ptown.org/events,Provincetown Business Guild theme-weeks page,2026-09-20
provincetown,Women's Week,Oct,,https://ptown.org/events,Provincetown Business Guild theme-weeks page,2026-09-20
provincetown,TransWeek,Oct,,https://ptown.org/events,Provincetown Business Guild theme-weeks page,2026-09-20
ogunquit,Ogunquit Pride,Jun,first weekend of June,https://www.ogunquit.org/ogunquit-pride/,Ogunquit Chamber of Commerce,2026-09-20
new-hope,New Hope PrideFest,May,second week of May,https://www.newhopecelebrates.com/pridefest/,New Hope Celebrates,2026-09-20
new-hope,Out In October,Oct,,https://www.newhopecelebrates.com/,New Hope Celebrates homepage,2026-09-20
palm-springs,Palm Springs Pride,Nov,,https://www.pspride.org/,https://www.pspride.org/ ; https://thepalmspringspost.com/greater-palm-springs-pride-names-grand-marshals-for-40th-anniversary-parade/,2026-09-20
palm-springs,Palm Springs Pride Honors awards ceremony,Sep,,https://www.pspride.org/psevents,https://www.pspride.org/psevents,2026-09-20
guerneville,Russian River Pride Parade & Festival,Sep,,https://russianriverpride.org/,https://russianriverpride.org/ ; https://www.pressdemocrat.com/2026/09/17/russian-river-pride-parade-and-festival-returns-this-weekend-heres-whats-in-store/,2026-09-20
guerneville,Sonoma County Pride Parade & Festival (Santa Rosa),Jun,,https://www.sonomacountypride.org/,https://www.sonomacountypride.org/ ; https://www.pressdemocrat.com/2026/06/06/music-glitter-and-rainbow-flags-flood-downtown-santa-rosa-for-pride/,2026-09-20
las-vegas,Las Vegas Pride Parade,Oct,,https://lasvegaspride.org/,https://lasvegaspride.org/,2026-09-20
las-vegas,Las Vegas Pride Festival & Celebration,Oct,,https://lasvegaspride.org/,https://lasvegaspride.org/,2026-09-20
portland,Portland Pride Waterfront Festival & Parade,Jul,,https://portlandpride.org/,https://portlandpride.org/,2026-09-20
portland,Basic Rights Oregon Ignite Gala,Oct,,https://www.basicrights.org/,https://www.basicrights.org/,2026-09-20
portland,Portland Gay Men's Chorus 'Cool Yule',Dec,,https://pdxgmc.org/,https://pdxgmc.org/,2026-09-20
denver,Denver Pride (PrideFest & Parade),Jun,,https://www.denverpride.org/,https://www.denverpride.org/ ; https://lgbtqcolorado.org/west-of-50/,2026-09-20
phoenix,Phoenix Pride Festival & Parade,Oct,,https://phoenixpride.org/events/pride-festival/,organizer,2026-09-20
phoenix,Rainbows Festival,Mar,,https://phoenixpride.org/,organizer (phoenixpride.org),2026-09-20
tucson,Tucson's Big Gay 5K (SAAF),Oct,,https://www.saaf.org,organizer,2026-09-20
tucson,AIDSWalk Tucson (SAAF),Dec,,https://www.saaf.org,organizer,2026-09-20
santa-fe,PRIDE Santa Fe — Pride on the Plaza festival & parade,Jun,,https://hrasantafe.org/pride/,organizer,2026-09-20
albuquerque,Albuquerque PrideFest & Pride Parade,Jun,,https://abqpride.com,organizer; The Paper (abq.news) 2026-06-08,2026-09-20
austin,Austin Pride Festival + Parade,Aug,,https://austinpride.org/event/pride-2026/,Austin Pride Foundation,2026-09-20
austin,aGLIFF Big Queer Weekend,Sep,,https://www.agliff.org/,"aGLIFF (Polari, Inc.); Austin LGBT Chamber",2026-09-20
austin,Pride in Local Music (Austin LGBT Chamber),Sep,,https://austinlgbtchamber.com/,Austin LGBT Chamber of Commerce,2026-09-20
eureka-springs,Spring Diversity Weekend (Out In Eureka),Apr,,https://www.outineureka.org/events,The Gayly 2026-01-25; Out In Eureka,2026-09-20
eureka-springs,Fall Diversity Weekend (Out In Eureka),Nov,,https://www.outineureka.org/events,Out In Eureka; Greater Eureka Springs Chamber,2026-09-20
eureka-springs,Eureka Springs Pride Festival,Jun,,https://www.eurekaspringschamber.com/events/details/bianca-del-rio-live-at-the-aud-11167,Greater Eureka Springs Chamber of Commerce,2026-09-20
saugatuck,Douglas Oktoberfest (CommUNITY PRIDE fundraiser),Oct,,https://communitypridemi.org/,CommUNITY PRIDE,2026-09-20
saugatuck,Lambda Car Club Weekend,Sep,,https://www.dunesresort.com/events/,The Dunes Resort,2026-09-20
saugatuck,Mr. Michigan Leather Weekend,Sep,,https://www.dunesresort.com/events/,The Dunes Resort,2026-09-20
saugatuck,Fall Into The Dunes Weekend,Oct,,https://www.dunesresort.com/events/,The Dunes Resort,2026-09-20
