route_slug,from_label,from_state,to_slug,hook
dallas-to-palm-springs,Dallas,TX,palm-springs,"Trading Texas summers for desert winters — and picking up explicit state protections on the way."
nyc-to-rehoboth,New York City,NY,rehoboth,"Two hours from everyone you love, half the noise, and CAMP Rehoboth at the center of it."
chicago-to-st-pete,Chicago,IL,st-pete,"Sunshine math: what Lake Michigan winters cost you, St Pete gives back."
atlanta-to-asheville,Atlanta,GA,asheville,"The #1 pipeline into Asheville by Redfin search data — three and a half hours up I-85, ten degrees cooler, and the traffic stays behind."
miami-to-asheville,Miami,FL,asheville,"Redfin's #2 origin for Asheville-bound buyers: trading insurance renewals and August for four seasons and a porch."
washington-dc-to-asheville,Washington DC,DC,asheville,"Redfin's #3 origin. The DC retirement exodus, mountain edition — culture intact, cost roughly halved, badge optional."
tampa-to-asheville,Tampa,FL,asheville,"Hurricane season from a mountain porch is just called rain. The Gulf-to-Blue-Ridge move is now a well-worn path."
orlando-to-asheville,Orlando,FL,asheville,"Trading theme-park traffic for the Parkway — and a real autumn every single year."
charlotte-to-asheville,Charlotte,NC,asheville,"Two hours west on I-40, no state-line paperwork, same bank — different life entirely."
raleigh-to-asheville,Raleigh,NC,asheville,"The in-state move: keep your doctors' network and your NC tax setup, swap the Triangle's sprawl for the Blue Ridge."
denver-to-asheville,Denver,CO,asheville,"Gentler mountains, half the altitude, green instead of brown — the Rockies-to-Appalachia move is real."
columbus-to-asheville,Columbus,OH,asheville,"The Midwest-to-mountains pipeline runs straight down I-77. Six hours to a different climate and a bigger life."
cincinnati-to-asheville,Cincinnati,OH,asheville,"Cincinnatians have been summering in these mountains for a century. Retiring here is just making it official."
cleveland-to-asheville,Cleveland,OH,asheville,"Trade lake-effect winters for four gentle seasons — and keep your cost of living recognizable."
nyc-to-asheville,New York City,NY,asheville,"More culture per capita than any town this size in the South, at a fraction of a one-bedroom in Queens."
north-jersey-to-asheville,Northern New Jersey,NJ,asheville,"Property taxes alone fund the move. The Jersey-to-WNC pipeline is one of the busiest in the mountains."
chicago-to-asheville,Chicago,IL,asheville,"Keep the food-and-arts standards, lose the wind chill. Chicagoans land softly here."
philadelphia-to-asheville,Philadelphia,PA,asheville,"Row-house money goes a long way in the mountains, and the beer scene will feel like home."
boston-to-asheville,Boston,MA,asheville,"Half the winter, none of the estate tax, and a music scene that punches at your weight class."
los-angeles-to-asheville,Los Angeles,CA,asheville,"Cash out the equity, keep the creative community, gain a front porch and a season called fall."
austin-to-asheville,Austin,TX,asheville,"For everyone who moved to Austin for the weird and watched it leave: it's alive and well at 2,100 feet."
nashville-to-asheville,Nashville,TN,asheville,"When the bachelorette buses won: same music bones, smaller scale, mountains out every window."
charleston-to-asheville,Charleston,SC,asheville,"Four hours from the harbor to the high country — the classic Lowcountry summer escape, made permanent."
